,max_abs_pearson,min_abs_pearson,mean_abs_pearson,hilbert_schmidt,DisCo,template_max_lazy_ROCAUC
twinturbo_reco_cons_DisCo_LHCO_CURTAINS,0.05003265772386438,0.00038446271436205423,0.019079005461651914,1.813009e-05,0.04928302784550252,0.5570409126546024
twinturbo_reco_cons_DisCo_LHCO_std,0.032417083490253025,0.00026533799296894756,0.013683636729564862,4.6551944e-05,0.049275556850325655,0.5467419478711659
twinturbo_reco_DisCo_LHCO_std,0.0549057252505253,0.0014206151949403348,0.020932895489722526,6.164643e-05,0.052496436618684535,0.5415174642794285
twinturbo_reco_DisCo_LHCO_CURTAINS,0.08033443898876585,0.0006461387413413087,0.02926032542288772,3.9264818e-05,0.06186290420694311,0.5382686122977969
twinturbo_reco_DisCo_wide_LHCO_CURTAINS,0.0730951692553802,0.0002509079712162583,0.05093701967372661,0.00012977002,0.07289222720891894,0.5321609145746331
twinturbo_reco_cons_DisCo_wide_LHCO_CURTAINS,0.06589290624729877,0.017179615432889074,0.044579569834043827,0.000121352154,0.06807771679240707,0.5253348053568857
